sr,rr,t,lm,bo,rem,sr.1,hr,sl
88.45,28.61,97.83,19.38,84.77,106.21,3.37,93.55,4
90.71,22.94,97.25,15.57,88.86,89.18,3.93,81.09,3
84.59,24.33,96.83,15.52,87.66,92.19,3.45,77.37,3
65.81,18.15,94.81,7.38,96.12,67.29,6.98,65.11,1
71.91,20.75,95.3,11.56,91.72,84.35,5.9,79.35,2
94.18,27.76,98.67,17.66,84.96,114.56,2.92,98.79,4
75.54,20.45,96.38,11.32,90.88,80.06,5.99,70.36,2
98.04,29.66,98.58,17.97,86.85,119.44,2.75,88.94,4
67.72,21.68,95.43,12.06,93.79,85.73,6.13,70.62,2
88.28,22.06,97.88,13.7,88.91,98.26,4.69,89.0,3
87.13,24.59,97.01,15.15,87.15,103.55,2.91,89.8,3
89.45,22.83,96.84,14.44,90.57,101.18,4.62,81.82,3
96.24,27.31,97.78,18.14,84.96,113.68,2.61,97.84,4
91.75,24.47,97.87,13.85,90.04,92.21,4.43,87.41,3
90.28,23.8,96.53,13.48,89.03,90.59,3.25,90.29,3
79.21,21.8,96.38,15.95,90.07,104.96,4.36,78.99,3
66.81,18.47,94.86,8.79,95.74,76.72,7.01,62.13,1
64.19,18.96,94.64,7.33,94.63,70.23,6.54,63.68,1
90.8,26.9,98.84,16.37,86.01,111.51,1.94,93.54,4
74.89,21.51,96.01,11.94,91.64,82.24,5.15,78.31,2
69.52,20.11,96.95,12.47,94.21,75.98,5.93,73.13,2
59.6,18.75,94.49,8.6,96.01,73.66,6.01,71.5,1
93.9,28.27,99.13,18.41,85.37,104.67,3.14,101.5,4
88.89,25.58,97.83,13.0,89.94,101.69,2.93,86.76,3
92.19,29.62,98.85,18.98,86.77,109.15,3.8,98.1,4
66.08,19.7,94.19,6.27,94.39,77.11,6.07,62.51,1
84.35,23.75,96.3,13.65,89.8,105.38,5.05,79.33,3
56.52,18.53,95.09,7.62,96.04,75.94,6.46,61.7,1
54.79,16.71,93.46,6.59,96.7,63.45,7.76,63.72,0
79.95,22.03,95.07,10.45,94.31,78.11,4.86,76.8,2
88.3,24.19,96.94,15.21,87.59,104.45,3.35,93.27,3
94.82,27.5,99.36,16.39,82.55,114.64,2.52,89.37,4
87.13,25.5,99.26,16.39,82.62,105.6,2.57,98.38,4
100.18,27.77,98.73,17.34,83.15,111.43,2.0,93.52,4
95.55,28.84,97.45,18.69,85.76,111.52,2.43,101.61,4
65.35,19.14,93.97,5.8,94.64,67.59,6.53,71.95,1
89.54,26.89,98.26,16.03,86.43,111.66,2.59,89.63,4
56.23,18.44,95.2,7.74,94.59,77.73,6.05,67.73,1
89.2,27.29,98.9,19.29,88.17,119.33,2.93,96.89,4
84.13,22.41,95.07,11.52,91.27,92.95,4.96,78.94,2
85.5,22.05,96.27,12.44,91.09,92.38,4.65,84.12,3
85.73,22.7,97.38,13.44,88.49,100.48,3.98,80.85,3
67.71,20.13,95.6,11.55,93.79,78.28,5.83,74.23,2
83.78,24.04,97.01,13.72,87.93,91.91,4.86,87.94,3
92.65,27.87,97.63,17.58,86.59,114.02,1.97,97.83,4
54.85,18.86,94.82,7.08,95.44,79.74,7.16,66.74,1
81.47,24.71,96.98,13.55,91.94,91.59,3.56,80.75,3
57.15,18.26,94.4,7.65,94.99,67.73,7.23,69.55,1
73.79,21.29,95.23,10.72,92.57,85.69,5.26,71.37,2
52.45,16.53,92.08,4.75,96.46,60.94,8.51,64.34,0
70.4,19.73,95.08,8.83,93.81,83.75,6.3,70.62,2
98.14,28.92,98.5,17.28,85.89,121.43,1.57,86.81,4
93.38,26.2,97.77,16.67,82.48,116.92,3.89,98.76,4
68.51,19.16,95.2,6.25,94.48,67.59,6.59,65.9,1
60.17,19.66,94.75,8.38,95.83,76.43,5.93,63.21,1
56.38,19.88,95.2,6.98,95.06,65.72,6.96,66.58,1
69.09,19.12,96.55,11.43,94.32,75.71,6.49,71.57,2
99.46,29.2,98.16,17.52,86.79,103.81,3.72,95.97,4
59.6,18.34,93.65,7.1,96.34,72.43,7.19,58.86,0
48.87,18.37,93.77,4.77,97.78,62.63,6.91,60.84,0
48.57,18.16,92.66,5.23,97.55,54.94,6.76,58.92,0
61.43,18.44,94.89,7.54,96.12,68.3,6.41,71.39,1
67.14,18.65,94.51,6.73,94.29,67.92,7.32,69.0,1
91.33,25.64,99.44,19.48,85.3,106.05,2.04,93.28,4
90.41,28.18,99.21,17.03,86.96,117.8,2.22,93.89,4
47.84,17.09,92.87,5.64,96.58,57.06,7.3,56.68,0
63.07,19.06,94.25,6.49,94.41,65.67,5.92,65.23,1
69.67,22.25,96.58,10.21,93.15,78.61,5.16,75.93,2
79.39,20.58,95.64,11.29,91.67,74.97,5.98,71.62,2
64.92,19.29,94.57,9.21,94.47,77.57,6.7,71.16,1
54.02,17.17,94.15,6.97,96.19,60.19,7.86,61.33,0
94.83,25.88,98.28,17.33,84.19,118.12,3.16,98.95,4
46.72,18.03,93.11,6.59,97.46,62.88,7.0,55.2,0
93.48,24.68,99.14,15.73,86.96,101.96,3.35,96.17,4
71.91,20.33,95.17,10.77,94.49,79.23,4.9,78.26,2
95.73,28.33,98.08,16.96,86.79,119.35,1.4,92.77,4
66.9,19.18,94.56,9.29,96.4,67.37,6.93,66.92,1
71.48,21.53,95.32,12.51,94.25,86.24,5.21,75.22,2
67.46,18.87,96.38,9.16,93.62,77.86,6.82,70.81,2
54.74,16.91,93.82,6.78,97.17,64.75,8.44,58.47,0
67.38,22.14,95.96,10.95,91.85,78.45,4.88,76.47,2
60.14,16.76,93.76,4.5,97.78,68.04,8.88,58.89,0
65.56,20.92,95.89,10.5,94.8,80.54,5.3,72.54,2
56.53,18.46,94.45,6.88,96.09,70.09,7.17,64.94,1
91.16,29.05,98.66,18.81,83.66,101.95,2.18,101.63,4
83.82,21.98,97.26,16.42,86.93,100.34,4.47,85.6,3
57.63,18.82,94.88,6.97,95.33,78.92,7.23,71.94,1
56.97,16.79,94.08,4.62,97.0,63.11,7.68,62.35,0
50.61,16.13,93.68,4.11,97.73,67.27,7.02,63.48,0
92.07,24.58,97.4,16.27,89.53,97.75,4.12,81.59,3
91.45,28.61,99.05,16.0,85.4,104.73,3.28,99.62,4
67.53,18.24,94.24,9.41,94.02,73.7,6.58,69.6,1
90.62,29.06,98.98,16.7,82.83,104.26,3.17,91.75,4
72.76,20.63,96.54,12.11,91.81,78.7,6.21,75.71,2
55.11,17.42,93.31,6.09,97.06,61.55,8.22,59.15,0
51.4,17.07,93.06,4.33,96.76,69.61,8.29,60.89,0
84.71,23.3,97.47,14.0,86.97,103.39,3.72,85.19,3
57.34,17.9,93.56,4.31,97.35,69.59,7.82,56.07,0
56.28,19.33,94.04,6.73,95.29,79.02,6.97,69.28,1
82.76,22.02,96.28,12.84,89.71,99.24,3.13,79.11,3
78.88,22.29,97.38,12.53,88.04,92.34,5.18,85.26,3
64.65,19.75,94.38,9.68,94.92,72.22,5.93,65.66,1
67.16,20.14,95.16,12.04,91.21,75.23,6.33,75.26,2
75.15,21.57,95.5,12.12,91.88,77.48,5.82,79.38,2
64.9,20.12,95.36,9.76,94.95,81.17,5.67,68.71,1
57.41,17.98,94.21,7.94,96.1,65.05,6.36,71.73,1
58.62,18.27,94.01,6.17,97.5,57.87,8.74,58.42,0
73.35,22.59,95.22,12.84,93.98,78.99,6.5,76.81,2
97.28,28.77,98.32,19.37,82.28,105.5,3.13,93.27,4
46.14,17.99,93.58,5.03,96.82,62.96,8.58,60.27,0
60.85,18.2,94.06,7.15,95.17,77.87,7.38,68.15,1
46.89,16.64,93.37,4.54,97.69,68.04,8.95,61.72,0
90.65,25.12,96.73,14.07,90.5,101.67,3.38,77.35,3
68.22,19.56,94.66,7.82,95.12,73.65,7.0,64.61,1
45.13,17.86,94.0,6.3,97.2,56.55,7.98,55.42,0
81.39,24.13,97.41,14.13,91.15,100.5,3.41,86.04,3
90.82,26.73,98.24,19.95,85.38,117.6,2.2,92.47,4
82.21,22.81,96.59,14.27,88.27,95.58,4.27,84.32,3
47.74,17.87,93.63,5.47,97.16,64.47,7.97,59.92,0
52.02,17.11,93.54,4.9,97.19,68.34,8.52,60.57,0
65.53,21.42,95.61,12.03,93.75,79.96,5.57,75.62,2
66.45,18.83,94.27,7.61,96.04,66.74,6.91,65.03,1
89.75,28.45,98.21,17.93,82.34,108.44,2.23,92.57,4
69.24,19.89,94.03,8.71,94.23,77.12,7.03,68.93,1
88.43,22.53,96.9,15.01,88.09,93.52,3.24,82.69,3
89.19,24.66,97.04,13.23,90.55,91.64,3.76,85.51,3
79.79,22.94,96.39,13.53,88.83,97.4,5.04,87.61,3
82.94,25.23,97.29,14.08,86.95,98.57,3.71,89.36,3
65.62,20.68,95.64,12.83,94.25,88.26,5.07,74.22,2
85.62,24.69,96.35,15.55,88.16,97.06,3.98,83.44,3
66.68,19.78,95.21,8.8,94.05,73.07,7.09,65.62,1
82.73,22.94,97.82,14.15,88.04,102.1,3.66,86.48,3
87.73,25.53,96.91,13.33,86.88,93.77,4.57,79.57,3
46.4,17.92,92.71,5.33,96.44,69.91,7.46,56.68,0
86.42,23.25,97.32,12.44,89.56,94.77,4.27,78.78,3
90.75,25.1,98.76,17.87,83.41,106.77,3.47,92.22,4
79.48,25.37,96.52,14.57,89.52,89.66,3.22,89.9,3
47.72,17.55,93.94,6.48,96.45,70.63,7.22,60.26,0
55.51,19.89,94.8,9.26,96.12,69.25,6.18,67.02,1
82.41,21.82,97.73,15.81,89.63,99.2,3.75,86.77,3
76.37,21.53,96.72,12.16,91.4,85.15,6.22,72.87,2
68.0,18.24,94.95,8.14,96.44,73.59,7.21,66.42,1
68.37,20.19,95.05,9.15,93.54,75.52,5.86,67.77,2
96.58,25.61,98.15,19.51,86.53,116.23,2.28,97.9,4
95.98,27.11,99.09,16.36,84.49,118.12,2.17,95.87,4
76.73,22.25,95.06,13.43,92.04,83.27,4.28,79.55,2
78.03,21.95,96.89,10.17,94.22,77.63,6.17,76.29,2
89.0,25.03,98.47,17.89,87.49,110.99,1.99,104.3,4
90.83,27.0,99.09,18.86,88.57,102.9,3.24,99.67,4
48.42,18.31,93.12,5.1,97.28,62.48,8.93,64.54,0
89.08,29.03,98.55,16.76,83.24,101.11,3.12,88.2,4
63.5,19.39,95.28,8.34,96.25,66.5,6.76,62.11,1
98.32,28.46,98.18,18.92,85.42,112.07,3.61,100.31,4
50.3,15.98,93.31,5.08,97.62,66.23,7.41,61.74,0
79.47,22.65,97.76,16.18,88.94,95.84,4.35,85.33,3
58.81,17.59,92.7,5.29,96.9,57.39,7.86,58.56,0
86.0,23.64,97.78,15.38,91.32,89.1,3.96,85.7,3
54.2,17.15,92.18,5.73,97.0,56.95,7.21,56.62,0
74.26,20.96,96.73,13.01,92.73,78.25,4.99,80.59,2
91.78,29.88,98.75,17.52,88.6,116.18,2.46,102.35,4
82.86,21.82,96.45,12.46,90.59,86.15,5.27,81.41,2
73.15,19.9,95.56,9.38,93.09,85.77,6.28,77.24,2
55.83,17.23,94.04,6.39,98.0,59.89,8.98,59.83,0
62.79,18.68,94.68,6.26,94.78,73.18,7.23,65.56,1
97.13,27.14,98.01,16.33,83.25,106.3,1.67,96.66,4
68.05,22.27,96.49,12.17,94.15,84.87,6.5,75.07,2
64.58,21.32,95.58,9.78,94.57,86.95,5.41,76.41,2
60.54,19.34,94.84,7.43,95.94,71.12,7.11,71.36,1
69.98,18.0,94.88,9.85,95.85,79.2,5.94,63.74,1
48.31,18.33,92.23,4.18,96.16,67.95,7.21,58.6,0
46.29,18.16,93.04,6.52,96.06,66.45,8.76,62.14,0
78.4,25.01,97.64,15.23,87.9,102.92,3.97,77.65,3
73.48,22.03,96.38,11.74,92.09,78.61,5.4,73.9,2
72.94,21.31,96.18,9.03,92.31,77.91,6.05,78.33,2
69.04,21.33,96.93,10.86,91.17,76.04,5.82,74.36,2
79.16,23.0,97.29,15.71,91.09,97.09,4.49,81.15,3
93.44,27.82,98.85,16.44,83.22,108.69,3.38,102.79,4
96.47,26.94,98.91,17.53,83.56,120.33,2.46,90.79,4
90.72,22.53,96.87,14.36,88.52,90.81,4.61,84.22,3
88.94,24.15,96.66,14.87,87.4,88.71,4.86,81.81,3
47.71,17.13,93.5,6.76,97.76,63.34,7.87,63.5,0
76.95,22.78,96.95,13.49,91.76,83.99,4.38,75.02,3
77.59,20.39,95.39,12.97,94.84,87.65,5.17,77.16,2
67.7,19.8,95.59,12.02,94.3,76.81,5.24,77.4,2
65.37,19.2,94.76,7.68,95.48,73.31,6.72,71.96,1
75.24,21.27,95.55,11.52,92.09,88.13,5.48,78.55,2
74.39,20.58,95.8,12.13,93.97,77.92,5.33,75.76,2
97.23,29.86,98.94,18.48,88.58,105.74,3.44,94.3,4
80.38,22.24,96.92,14.29,89.97,88.78,4.56,80.3,3
69.21,21.17,96.05,9.97,93.37,84.15,5.92,72.49,2
44.99,16.49,93.49,4.66,97.02,63.23,8.85,60.09,0
95.84,26.19,98.54,16.16,87.86,120.11,3.76,89.06,4
55.62,18.33,92.55,4.73,97.7,57.08,8.62,64.78,0
82.8,22.09,96.54,12.38,91.24,99.26,4.53,89.13,3
97.56,27.96,98.16,17.56,84.65,116.31,2.37,101.56,4
59.42,17.18,93.11,5.52,97.73,70.17,8.3,64.54,0
67.18,19.37,93.93,8.56,95.47,75.53,6.12,65.41,1
89.45,23.55,97.01,12.57,90.54,101.45,4.6,80.56,3
68.1,19.6,94.61,8.66,95.01,76.43,7.59,64.45,1
55.08,17.48,92.45,4.47,97.51,69.41,8.71,62.0,0
90.18,22.98,96.67,15.44,87.83,96.99,3.99,78.54,3
75.59,20.72,95.22,10.89,92.25,80.24,4.4,70.17,2
61.58,18.88,94.77,8.23,95.84,72.31,7.45,71.13,1
59.97,16.51,93.47,6.35,97.41,61.37,7.78,59.91,0
74.58,19.94,96.0,10.13,93.66,90.06,5.38,70.15,2
93.88,28.22,97.82,15.91,86.04,110.5,2.62,91.3,4
89.35,28.03,99.69,18.61,88.66,119.62,3.2,101.74,4
82.91,24.65,97.23,13.11,90.43,91.88,2.9,84.25,3
90.2,24.3,96.34,16.66,87.39,105.57,3.98,89.57,3
45.74,16.26,92.44,5.3,96.62,56.07,8.46,59.01,0
75.76,21.7,95.36,11.47,93.76,88.02,5.86,76.99,2
56.62,16.23,91.93,5.82,96.93,56.56,8.84,62.49,0
65.47,19.61,94.34,7.7,95.84,78.41,7.23,62.52,1
93.96,28.42,98.99,19.08,87.14,102.2,2.06,99.52,4
72.8,20.58,94.18,9.07,95.08,82.23,6.43,73.98,1
97.02,26.75,98.21,17.67,88.09,114.98,3.45,103.3,4
88.25,22.7,98.02,15.86,87.67,99.06,4.61,80.81,3
96.63,29.0,98.19,16.44,84.31,114.29,1.79,94.35,4
79.1,22.8,96.54,13.01,90.26,101.84,4.62,79.37,3
51.12,18.05,93.23,5.15,97.12,68.52,6.98,58.89,0
53.01,15.98,93.66,5.62,96.8,57.51,8.88,60.86,0
91.53,23.02,97.64,13.5,87.88,93.6,5.25,79.03,3
96.91,27.61,98.23,17.11,82.86,115.76,4.06,95.18,4
72.89,21.09,95.14,12.75,94.65,85.67,6.16,69.84,2
59.42,19.57,94.71,6.69,96.19,75.34,6.16,67.21,1
60.26,18.97,95.17,9.32,94.55,69.77,7.29,69.39,1
63.1,18.82,94.49,9.25,95.55,77.79,6.45,65.76,1
75.86,21.8,95.4,12.9,92.6,84.2,4.95,82.1,2
82.87,23.21,95.53,12.58,91.34,92.56,4.38,77.39,2
70.92,19.69,95.13,6.71,95.1,66.37,7.41,72.3,1
91.83,29.69,97.86,16.46,88.03,115.1,2.83,97.05,4
52.57,16.55,92.43,4.02,96.55,63.15,8.08,58.88,0
62.78,17.92,94.75,9.79,95.97,72.1,7.49,63.56,1
54.38,18.78,95.43,8.38,94.53,69.83,7.04,69.83,1
77.03,20.92,96.4,9.34,91.38,78.78,5.51,75.5,2
96.56,27.72,98.54,18.57,88.08,114.54,3.37,94.8,4
85.77,22.4,97.47,12.8,90.46,92.67,4.5,82.84,3
68.27,20.67,95.11,9.82,94.64,90.18,6.2,78.18,2
47.75,16.3,92.57,4.96,96.35,68.09,8.35,60.31,0
89.24,24.43,96.49,15.69,88.05,98.33,5.02,83.35,3
70.97,18.15,95.27,6.47,94.22,70.46,7.53,63.49,1
65.73,22.56,95.52,11.14,93.18,74.43,4.63,80.06,2
59.52,16.8,94.01,6.83,97.07,60.97,7.83,63.31,0
93.17,26.19,98.51,17.23,83.58,99.94,3.01,93.07,4
52.4,18.35,93.33,6.16,96.07,61.1,7.03,64.37,0
83.47,24.67,96.4,11.48,88.07,93.29,4.88,87.85,3
49.78,16.43,92.16,6.28,95.98,57.36,7.22,58.39,0
77.22,21.41,96.5,10.3,91.85,85.37,5.4,74.39,2
76.38,19.8,96.02,10.46,92.26,81.29,4.8,76.35,2
69.31,20.9,95.46,11.69,91.58,85.77,6.43,75.02,2
53.7,18.35,93.67,4.82,97.41,63.13,7.6,62.23,0
97.67,25.49,98.68,17.41,88.69,109.09,1.45,89.86,4
94.05,25.0,99.0,16.73,83.78,109.86,3.45,92.67,4
46.43,18.27,92.42,5.72,97.12,69.49,7.03,56.92,0
95.69,29.15,98.89,19.29,86.08,114.41,2.89,102.92,4
47.73,17.32,92.11,6.72,97.34,62.09,8.6,60.21,0
92.86,25.08,98.58,16.75,82.69,111.84,3.45,95.91,4
85.84,24.84,97.18,16.06,91.3,101.71,3.32,81.06,3
95.3,29.47,99.01,20.11,82.66,119.18,3.27,97.12,4
48.93,17.5,93.71,5.44,96.73,64.72,8.16,59.93,0
79.14,21.71,95.53,11.57,91.41,88.32,6.47,71.39,2
60.43,18.07,93.04,6.77,96.25,63.51,7.43,58.32,0
49.11,17.93,94.02,5.45,96.27,58.82,8.11,56.77,0
59.39,18.86,94.89,9.61,94.48,77.13,7.2,63.19,1
88.2,26.45,98.72,16.96,86.15,107.14,3.91,90.58,4
66.05,20.4,96.33,9.21,92.69,83.65,6.53,78.3,2
57.54,18.36,94.2,6.31,94.08,74.63,6.28,68.49,1
46.05,17.17,93.28,3.85,96.03,57.72,7.94,61.57,0
61.5,19.11,94.41,8.52,94.79,73.99,7.37,64.51,1
55.54,17.8,92.55,4.94,96.75,66.07,8.02,61.48,0
63.16,19.06,95.38,6.17,96.02,71.23,6.53,71.1,1
99.21,25.79,97.91,20.15,87.39,102.07,2.54,99.97,4
53.95,16.6,94.01,5.69,96.97,57.34,7.74,61.23,0
91.07,28.72,98.55,16.17,86.35,116.71,2.63,96.18,4
61.78,18.29,94.53,9.91,94.97,71.14,6.77,69.39,1
77.22,20.1,95.69,10.85,93.22,87.91,5.39,75.55,2
54.16,16.22,92.2,4.73,96.45,68.52,8.08,60.44,0
88.53,25.33,97.87,13.82,89.5,91.82,4.98,79.64,3
45.76,16.44,92.79,4.09,97.62,67.03,8.0,58.52,0
98.6,27.56,98.74,17.36,85.29,103.27,2.57,97.56,4
51.35,17.0,93.16,5.37,97.75,64.43,7.54,56.35,0
86.04,25.35,96.89,14.46,90.46,100.7,4.05,79.67,3
72.15,20.38,95.0,10.71,92.73,77.86,5.71,80.05,2
75.89,21.97,97.46,13.09,92.11,96.43,4.43,74.29,3
95.84,27.4,98.14,18.11,84.21,109.4,3.81,95.13,4
60.69,17.87,92.08,4.45,96.79,61.53,7.19,56.2,0
49.01,16.81,93.16,5.88,96.51,71.24,7.59,58.76,0
92.01,24.96,98.57,16.38,83.33,107.97,2.94,89.15,4
60.18,19.33,94.71,9.03,95.41,79.02,6.96,71.73,1
50.21,18.44,92.4,6.36,96.08,56.83,8.52,56.06,0
56.43,18.6,94.88,9.23,96.61,72.71,6.67,64.53,1
90.5,25.54,97.33,13.11,91.2,97.21,4.54,79.53,3
56.26,16.1,93.72,5.54,97.58,64.04,7.51,60.25,0
89.61,23.22,97.54,15.85,89.65,103.46,5.02,87.4,3
78.23,25.16,97.58,16.02,89.04,96.03,4.37,88.88,3
76.47,22.36,95.24,11.59,91.71,77.1,5.95,76.21,2
62.19,19.84,94.14,9.26,95.19,78.15,7.12,70.5,1
96.04,27.24,99.03,17.93,87.95,103.44,2.98,93.84,4
64.25,19.18,95.11,7.66,94.17,74.13,6.57,70.95,1
53.76,16.81,93.45,6.12,98.02,62.43,7.8,57.07,0
55.0,18.15,92.86,5.41,97.04,68.37,7.8,57.72,0
94.5,27.67,99.1,17.63,84.41,109.69,3.43,95.69,4
66.1,19.54,94.89,8.05,96.08,73.42,6.12,67.21,1
66.83,19.64,94.21,7.04,95.36,73.94,6.81,64.23,1
64.44,21.54,95.33,10.68,92.63,76.03,4.66,74.71,2
95.15,27.78,98.23,17.4,86.64,117.75,2.52,99.06,4
93.82,25.99,98.3,17.3,85.39,106.64,2.63,99.5,4
53.03,18.17,93.88,6.72,97.63,63.02,8.04,62.85,0
56.11,18.44,94.18,5.58,97.27,56.68,8.76,55.84,0
81.47,22.31,96.55,12.27,90.63,85.07,5.04,75.63,3
68.43,19.4,96.14,9.65,93.18,76.18,6.1,77.96,2
72.64,20.75,95.91,13.1,92.5,85.22,6.36,72.4,2
79.87,21.73,96.3,12.3,91.86,77.74,6.37,71.17,2
59.32,18.55,95.04,9.69,94.32,74.34,6.91,69.71,1
76.11,20.03,96.3,12.06,93.07,84.45,5.13,76.19,2
64.62,21.44,96.49,10.06,92.97,90.63,5.35,79.95,2
79.34,24.33,97.52,14.5,88.88,97.89,4.63,83.43,3
79.48,21.68,95.16,9.19,91.82,89.41,5.03,78.22,2
88.64,25.47,99.5,18.77,85.21,119.35,2.21,94.53,4
93.82,26.24,97.89,18.84,82.14,107.64,3.81,88.2,4
67.05,20.91,96.03,11.25,94.95,86.58,5.89,75.71,2
69.27,18.16,94.47,7.33,94.31,79.08,6.37,61.96,1
61.84,19.05,94.63,6.73,94.84,70.27,7.44,65.81,1
98.57,28.3,99.59,19.87,89.24,103.21,2.19,94.34,4
62.67,19.69,94.15,9.06,95.12,76.36,6.43,69.04,1
65.57,22.23,96.22,10.18,93.96,82.19,4.81,70.28,2
73.62,21.07,96.53,12.14,93.14,79.03,5.65,78.17,2
68.58,21.77,95.78,11.36,94.29,84.97,5.68,72.82,2
89.09,24.51,97.81,16.96,87.99,106.34,3.3,91.38,4
81.1,23.55,97.14,14.38,88.34,92.58,3.67,84.68,3
65.4,18.79,94.73,8.78,95.48,65.13,6.32,69.37,1
55.84,19.09,95.23,8.33,95.19,76.01,6.44,62.29,1
91.27,22.11,96.33,15.75,87.36,92.27,3.16,78.95,3
47.57,17.82,93.6,5.04,97.55,54.92,6.93,57.56,0
68.94,19.53,95.01,9.7,95.8,68.16,7.12,69.26,1
81.1,23.1,97.09,16.24,90.95,99.41,4.87,88.04,3
95.31,28.01,98.19,19.28,83.32,111.99,2.53,95.77,4
88.34,24.6,97.09,15.45,88.13,94.56,3.84,82.6,3
48.3,17.46,93.89,6.86,97.17,66.61,8.39,62.93,0
96.18,28.01,99.53,18.85,84.68,107.81,3.03,103.93,4
56.31,19.73,94.76,9.12,95.38,71.35,7.03,62.41,1
64.95,21.61,95.13,11.14,92.69,87.51,6.46,71.55,2
90.75,22.28,96.11,11.42,90.56,91.61,3.32,84.12,3
56.93,17.51,92.88,5.93,96.98,64.02,7.9,56.57,0
86.54,24.62,96.52,13.65,89.1,88.35,4.17,87.91,3
55.26,18.01,93.41,5.27,97.71,65.53,8.71,63.85,0
66.87,20.63,94.94,12.16,93.05,77.28,6.1,71.34,2
50.08,17.7,92.87,5.41,96.62,54.69,7.3,60.13,0
57.85,17.14,92.35,5.56,97.26,55.74,7.43,57.12,0
58.26,16.32,92.28,6.45,96.19,58.67,8.56,59.52,0
92.56,29.33,98.34,16.13,84.26,120.0,1.57,100.46,4
57.79,18.64,94.78,8.75,94.58,66.18,7.55,65.5,1
57.41,17.28,93.35,5.55,97.55,66.75,7.3,58.05,0
57.1,18.85,95.25,9.68,95.9,68.87,6.38,69.0,1
82.08,22.72,96.98,12.65,89.68,95.26,4.68,79.98,3
59.85,18.42,94.48,9.59,93.88,69.58,7.49,67.06,1
59.69,19.88,94.89,8.39,94.31,73.55,6.98,68.12,1
68.72,21.67,96.13,11.64,93.33,85.14,5.47,71.08,2
69.04,19.98,93.94,9.86,94.74,65.9,6.56,65.46,1
80.51,21.95,97.98,15.46,91.18,100.0,4.5,86.81,3
88.47,22.52,97.62,13.87,89.14,100.93,5.13,80.38,3
79.65,22.18,95.09,11.12,93.31,84.03,6.19,73.07,2
54.82,16.99,93.18,6.97,97.84,55.6,7.55,56.61,0
93.26,27.86,99.1,17.27,83.79,117.69,3.74,95.8,4
56.92,19.38,94.99,7.89,94.23,77.62,7.27,63.97,1
74.47,20.37,96.76,13.02,94.29,88.6,5.76,78.38,2
70.44,20.71,95.63,9.42,92.28,85.36,6.2,77.38,2
88.72,22.51,97.6,12.3,86.86,97.18,5.2,77.8,3
94.68,27.55,97.95,16.04,84.21,119.55,3.06,100.29,4
76.9,21.79,95.79,10.56,91.92,76.11,4.98,73.11,2
93.91,26.52,98.1,18.69,83.32,104.37,3.22,97.48,4
90.68,27.1,98.77,16.95,85.12,103.98,2.83,87.65,4
73.52,21.02,96.25,9.26,91.45,86.51,5.35,77.31,2
47.23,17.04,92.56,4.73,97.16,62.08,6.97,55.44,0
68.72,18.77,95.03,8.18,96.05,75.45,6.39,64.34,1
62.08,18.39,95.4,7.11,94.38,68.81,6.86,71.38,1
63.48,18.33,95.0,9.52,95.34,76.73,6.09,63.55,1
84.2,22.88,97.7,13.54,89.64,100.3,4.08,87.18,3
56.46,17.87,93.02,6.94,97.76,65.77,8.5,60.63,0
94.88,25.21,98.18,16.73,88.15,117.0,1.65,93.83,4
76.74,23.26,97.4,16.08,87.63,89.13,4.46,87.87,3
72.43,21.9,95.3,10.8,93.44,86.67,4.8,70.56,2
83.82,24.04,97.11,13.41,89.99,97.96,4.85,82.02,3
56.53,17.48,94.24,4.57,97.47,60.68,8.84,56.34,0
67.14,21.39,96.64,9.21,91.46,86.15,5.88,76.1,2
91.64,29.35,99.24,17.1,84.7,110.48,2.51,92.28,4
77.58,21.53,95.49,12.47,91.78,76.37,5.53,79.18,2
52.95,17.01,93.35,4.41,97.25,64.33,8.43,60.52,0
76.95,20.86,94.99,12.45,91.45,89.19,5.11,76.37,2
55.28,18.25,93.43,6.01,96.3,62.07,6.94,64.59,0
66.59,18.72,94.87,9.11,95.42,76.03,6.59,64.03,1
51.21,18.17,92.08,6.02,97.38,67.22,8.13,58.52,0
79.25,23.66,96.92,14.29,90.91,88.86,3.07,85.94,3
80.61,24.4,96.89,12.21,88.03,98.1,4.92,83.79,3
97.28,27.74,98.28,17.44,86.99,106.46,3.27,96.83,4
72.13,21.41,95.19,9.04,95.17,82.49,5.69,75.16,2
89.8,26.3,98.58,16.39,89.07,111.73,3.44,90.11,4
88.77,28.24,98.26,18.09,84.68,108.16,2.8,95.36,4
85.34,23.78,97.02,15.42,89.33,99.79,3.43,87.7,3
99.93,27.17,97.48,17.71,83.64,115.52,4.08,95.52,4
51.08,17.41,94.07,5.71,97.51,68.12,7.41,59.78,0
57.05,17.36,94.25,4.71,96.16,63.36,7.21,59.03,0
79.8,25.03,97.74,12.29,88.28,100.45,4.76,79.61,3
59.5,16.41,93.85,5.38,97.23,70.57,7.68,64.03,0
93.64,27.89,99.46,16.4,85.22,100.64,2.45,100.04,4
58.6,17.63,94.0,7.88,96.47,62.85,7.08,60.32,1
91.32,24.75,98.9,18.02,87.7,107.44,3.02,93.14,4
73.77,20.38,95.81,12.19,94.03,85.72,5.58,79.95,2
91.15,25.8,97.61,15.05,85.41,108.97,2.52,91.43,3
54.82,19.61,93.94,8.44,95.58,78.44,6.65,71.96,1
86.01,24.98,97.18,14.55,91.66,92.18,3.52,84.86,3
98.89,25.68,98.96,17.67,89.05,103.72,2.51,96.57,4
68.58,19.85,94.74,6.48,96.29,74.16,6.74,67.6,1
64.11,20.11,93.99,8.87,96.54,77.2,6.11,70.93,1
93.59,27.97,98.83,16.16,82.49,114.29,2.62,96.61,4
95.68,25.97,98.58,17.13,84.7,116.95,2.21,89.08,4
90.21,26.91,98.36,17.3,84.65,107.99,2.43,94.9,4
56.71,18.06,93.89,5.26,96.58,68.38,8.25,58.98,0
71.6,19.88,95.25,10.76,93.19,84.39,5.27,77.7,2
95.47,24.94,99.17,16.78,87.47,104.77,3.29,90.98,4
47.82,17.32,92.96,6.14,96.91,63.92,6.88,57.11,0
56.56,16.36,93.83,5.39,97.87,61.28,7.47,62.3,0
68.65,21.15,96.78,10.88,91.58,78.3,5.31,78.21,2
67.88,18.62,93.97,7.28,95.78,69.64,7.13,70.45,1
78.94,21.71,96.42,10.0,93.04,83.86,6.27,73.45,2
60.38,18.74,94.26,7.48,95.88,67.04,7.64,64.48,0
62.28,18.58,95.42,7.69,95.45,75.43,6.45,62.44,1
84.25,22.7,97.5,15.63,88.92,92.64,4.89,82.15,3
88.83,26.07,98.11,19.5,82.56,106.18,2.12,96.95,4
80.14,23.87,97.21,12.44,88.5,97.63,3.82,82.23,3
56.19,19.13,94.48,6.66,95.78,78.14,6.9,67.74,1
91.53,23.87,97.11,13.89,90.01,91.25,4.96,86.99,3
65.69,22.17,95.45,11.16,93.56,80.03,4.78,74.52,2
56.18,17.56,92.3,7.01,98.03,57.94,7.68,63.8,0
99.2,26.51,98.98,16.0,88.53,114.92,1.86,90.66,4
57.14,18.18,94.03,9.1,94.69,66.37,6.59,62.06,1
70.07,18.63,95.19,10.07,95.03,75.32,6.87,64.39,1
64.22,18.38,94.91,8.57,95.82,72.77,6.92,62.48,1
59.94,18.07,95.2,6.95,96.27,69.68,6.71,68.4,1
57.42,19.08,93.88,7.46,96.09,77.33,6.21,65.9,1
69.19,18.56,94.5,6.38,95.61,67.15,7.52,63.48,1
55.35,16.85,93.44,5.64,97.03,60.67,7.46,65.53,0
88.3,25.11,97.63,19.52,85.34,113.36,2.64,93.18,4
68.42,21.9,96.47,9.85,94.54,85.33,5.27,80.33,2
79.87,22.58,95.09,9.31,92.86,83.71,5.05,73.53,2
84.2,23.54,97.15,14.6,89.34,104.91,4.18,83.16,3
70.8,21.11,95.29,9.44,92.59,80.6,5.83,79.13,2
80.69,23.04,96.69,15.31,88.58,103.06,3.93,82.96,3
91.64,28.36,98.06,19.67,83.85,111.42,2.39,89.81,4
97.97,29.1,98.28,16.14,84.39,112.77,2.19,104.41,4
56.91,17.32,93.48,4.79,97.37,57.27,8.95,62.14,0
62.81,19.66,94.32,9.14,94.78,79.88,6.38,64.8,1
52.89,18.32,93.34,5.24,96.42,58.85,7.01,60.1,0
83.51,25.52,96.27,11.88,87.34,95.98,3.27,84.35,3
69.88,20.17,95.66,9.87,95.1,76.68,4.98,74.5,2
71.61,20.02,95.03,12.39,92.0,80.58,4.9,80.2,2
54.91,16.49,92.4,4.23,97.88,65.15,8.88,58.71,0
92.33,28.83,97.96,20.09,82.67,117.16,2.72,89.01,4
68.36,22.21,95.22,11.01,91.35,84.57,4.8,70.43,2
92.27,28.67,98.93,16.03,86.3,104.17,1.63,100.41,4
57.92,19.48,94.32,9.12,95.25,65.16,6.24,67.62,1
59.21,18.44,93.65,5.21,97.9,58.21,8.12,63.32,0
53.23,18.17,94.2,6.84,95.99,73.09,7.87,65.52,1
96.44,28.46,99.53,17.61,84.89,110.0,3.41,95.8,4
79.1,21.52,95.47,9.18,91.54,86.25,5.09,71.52,2
46.41,16.96,93.74,5.56,95.98,56.26,8.81,61.7,0
88.74,22.65,96.49,14.17,91.7,91.01,3.57,80.95,3
68.98,20.31,96.48,10.25,91.52,78.16,5.68,74.09,2
79.6,21.6,96.93,12.06,91.94,76.22,4.82,72.81,2
87.97,23.33,98.03,13.65,87.83,96.63,4.87,89.09,3
65.52,20.84,95.96,11.66,92.07,89.68,5.31,69.85,2
99.69,29.38,98.22,16.64,86.28,106.74,2.95,100.53,4
84.08,21.95,96.74,14.83,91.06,93.13,3.87,82.23,3
91.67,27.23,97.9,16.13,85.35,108.67,2.8,94.38,4
78.43,20.5,95.44,11.8,91.98,82.65,5.31,73.52,2
51.69,16.62,92.26,5.1,96.81,66.66,7.32,55.03,0
91.77,28.96,97.82,17.68,88.1,111.8,1.82,103.84,4
70.01,21.46,95.81,10.57,92.79,88.7,6.36,71.08,2
48.84,16.87,93.71,5.56,96.79,60.29,8.79,60.79,0
78.09,20.49,95.19,10.89,92.51,81.68,5.42,71.39,2
84.07,24.48,97.01,15.54,86.97,99.51,3.22,80.96,3
94.3,26.01,97.99,17.67,88.81,109.19,3.07,86.42,4
92.56,27.87,97.91,19.05,83.72,114.06,1.35,94.22,4
57.47,17.64,92.15,4.78,96.39,55.7,7.24,61.6,0
82.13,24.0,96.28,11.74,89.81,91.01,4.32,86.07,3
55.04,17.59,92.68,4.27,97.78,59.94,8.67,60.79,0
62.38,19.29,95.27,8.15,94.21,66.74,6.24,68.88,1
85.51,25.54,96.78,14.72,88.48,96.01,3.49,81.16,3
97.4,28.58,98.62,18.17,88.55,102.09,2.18,90.91,4
53.74,17.07,94.12,5.81,96.88,55.63,7.8,61.67,0
68.51,20.92,96.34,10.36,91.35,83.46,6.38,80.4,2
48.01,18.17,92.85,5.91,96.78,66.29,8.7,55.17,0
88.22,29.06,98.2,19.79,88.22,113.27,1.48,92.33,4
90.92,24.37,96.97,16.43,89.14,97.28,4.32,80.92,3
99.62,29.48,97.48,16.33,82.16,102.69,3.81,91.9,4
86.67,24.18,97.79,12.17,87.76,93.79,3.75,80.99,3
51.53,17.68,94.11,4.33,96.17,61.61,7.43,62.38,0
70.49,20.8,96.44,10.21,92.12,86.72,6.02,71.86,2
71.06,20.9,96.71,12.71,93.57,89.03,6.52,76.72,2
76.72,21.41,95.25,8.92,91.56,80.95,5.08,75.73,2
85.5,22.28,96.9,14.39,89.01,91.01,4.01,86.15,3
64.46,19.86,94.11,6.98,94.81,68.59,7.02,66.65,1
78.77,19.44,96.7,11.57,92.81,75.06,5.5,69.77,2
63.1,18.66,94.69,7.78,95.01,67.8,6.47,71.96,1
95.63,27.97,99.28,19.62,88.84,105.24,3.11,91.02,4
67.36,18.56,94.37,9.43,95.69,74.86,6.53,62.63,1
81.49,22.56,97.62,13.93,89.51,102.74,4.13,86.18,3
70.43,22.11,95.88,9.15,90.8,87.01,4.89,78.58,2
54.56,17.37,92.15,5.83,97.61,58.48,8.39,63.85,0
84.45,24.62,96.85,12.27,89.53,89.89,4.77,81.02,3
59.28,17.53,92.65,4.23,96.45,68.17,8.42,61.11,0
90.78,26.64,97.81,16.41,82.94,102.68,3.2,90.42,4
62.27,18.35,95.15,8.74,94.97,65.93,6.16,69.34,1
82.89,25.39,97.35,13.76,90.05,102.3,3.85,85.77,3
56.94,17.5,92.11,5.66,96.28,68.55,7.18,66.13,0
90.29,24.32,96.61,14.13,87.76,100.82,4.54,87.51,3
64.38,18.29,95.49,7.7,95.19,72.33,6.63,67.02,1
70.29,22.04,95.06,12.24,92.95,84.42,6.56,74.93,2
67.54,19.91,94.08,6.39,95.58,69.0,5.97,68.77,1
81.84,25.1,97.75,13.1,88.75,91.1,3.08,79.58,3
92.4,28.01,97.96,16.96,86.55,120.4,3.69,97.96,4
83.08,23.91,96.81,15.0,91.25,103.14,3.75,85.38,3
55.23,19.29,95.03,7.17,94.34,65.58,6.34,70.72,1
78.69,20.97,95.49,10.2,92.53,83.56,5.74,70.19,2
87.34,25.06,97.48,14.0,90.72,103.0,3.5,87.35,3
46.96,17.15,92.97,5.69,97.02,68.99,8.61,56.84,0
54.31,18.3,93.3,5.32,96.53,59.71,7.35,57.59,0
68.86,19.64,95.13,6.36,95.8,70.61,7.37,68.85,1
78.0,23.68,97.0,13.61,90.4,99.3,3.48,80.69,3
92.78,27.47,98.78,17.83,84.51,115.17,4.07,99.97,4
87.79,23.72,96.11,12.85,91.43,101.73,4.5,83.7,3
47.46,17.29,93.49,6.66,97.82,59.98,7.92,59.23,0
87.41,24.89,96.24,13.74,91.55,98.97,4.52,80.99,3
84.67,23.79,96.36,14.37,89.0,93.61,4.86,83.01,3
58.86,17.94,92.72,6.62,97.3,64.34,8.99,63.2,0
69.0,19.53,94.11,6.24,95.5,76.59,7.2,64.39,1
71.73,20.41,95.43,11.9,93.38,83.88,5.96,77.68,2
59.99,16.39,92.33,4.18,96.1,60.32,7.99,63.02,0
66.07,19.28,95.13,10.19,96.06,67.87,6.07,66.02,1
63.25,19.56,94.07,8.82,94.19,69.4,6.39,64.64,1
45.51,17.41,94.05,4.69,97.35,63.91,7.94,58.67,0
64.89,18.59,94.33,7.82,94.52,70.71,6.82,64.36,1
79.21,24.84,98.02,14.44,89.15,99.58,4.55,86.65,3
99.41,25.66,97.89,16.49,88.31,118.1,2.06,101.9,4
75.01,20.19,95.09,10.17,93.65,82.04,5.9,72.18,2
87.1,23.81,97.14,13.87,88.37,95.84,4.12,83.95,3
89.82,24.12,97.4,15.26,89.16,103.44,4.86,82.7,3
57.62,18.07,95.23,7.4,95.92,75.71,7.07,62.74,1
54.19,16.9,92.42,5.33,96.94,66.15,7.3,64.52,0
86.46,23.29,96.53,12.52,91.57,101.8,4.31,89.05,3
56.06,19.43,94.3,8.24,95.95,77.73,6.83,70.68,1
85.44,24.48,96.31,14.68,88.76,106.09,4.03,90.29,3
81.2,22.46,97.74,14.67,89.06,101.57,4.55,82.98,3
74.18,20.87,95.23,12.0,92.63,75.55,5.57,70.9,2
49.38,17.8,93.59,5.6,96.71,57.79,7.21,64.21,0
73.95,22.8,96.37,9.29,91.21,76.87,6.34,72.06,2
75.03,21.0,95.71,11.32,93.4,78.51,5.5,74.76,2
80.45,21.83,97.03,11.86,91.44,89.81,5.23,83.01,3
56.67,17.72,93.79,4.37,96.86,64.53,8.39,59.5,0
98.65,27.77,97.77,18.0,84.12,116.16,3.61,95.97,4
94.62,28.63,98.32,16.42,83.3,120.09,1.54,96.37,4
52.36,17.16,93.48,6.06,96.49,65.32,8.89,58.97,0
63.21,17.94,94.39,7.89,95.38,72.73,7.33,62.24,1
45.84,17.37,92.93,4.47,96.35,57.54,7.1,63.32,0
86.89,24.21,96.79,15.07,88.47,88.32,4.88,78.29,3
57.95,18.13,93.69,4.39,96.86,59.52,9.11,56.56,0
57.5,18.33,94.44,9.62,94.95,79.68,5.79,70.64,1
87.02,22.84,98.12,12.5,87.61,99.61,4.48,78.65,3
76.35,20.51,95.83,10.16,92.35,77.32,6.43,70.89,2
56.91,17.08,92.93,6.05,96.94,56.9,8.22,59.87,0
45.72,18.54,92.29,6.58,97.56,64.63,9.17,58.61,0
90.02,28.65,98.56,16.29,87.8,119.01,3.52,92.23,4
54.71,18.08,92.69,6.31,97.8,65.73,7.91,62.33,0
96.26,27.76,98.57,18.87,84.44,101.09,3.24,94.58,4
65.62,20.09,94.6,8.6,95.6,73.27,6.25,66.54,1
79.71,23.41,96.8,16.18,87.93,103.17,3.7,85.07,3
66.96,20.63,96.12,9.57,93.46,87.6,5.31,75.59,2
67.9,18.75,94.86,9.56,94.05,71.56,6.9,70.72,1
61.03,18.13,94.04,8.28,95.42,63.15,7.61,63.43,0
57.25,19.27,95.44,9.63,94.08,66.52,6.83,64.09,1
97.39,29.57,98.12,17.55,87.73,117.17,1.92,89.96,4
70.61,19.96,95.98,10.45,93.76,79.65,5.42,72.47,2
91.79,24.43,97.12,12.75,89.99,98.37,4.38,80.88,3
95.48,28.82,98.51,17.58,84.8,101.93,3.73,90.28,4
79.89,20.76,96.65,10.8,92.95,85.8,6.24,69.69,2
89.29,27.77,97.89,18.11,86.94,117.98,1.83,93.38,4
72.84,22.08,96.82,10.66,92.27,85.13,5.58,75.66,2
77.32,22.27,94.98,12.31,94.94,86.75,5.02,79.16,2
90.36,25.66,97.27,14.56,85.46,95.6,2.83,91.99,3
69.48,20.55,95.37,10.3,93.29,84.24,5.36,70.45,2
53.62,16.52,93.43,6.92,97.48,56.26,8.44,63.71,0
55.51,19.27,94.03,9.12,93.84,69.25,6.39,62.13,1
78.2,23.76,96.4,13.94,88.79,91.42,4.45,82.12,3
65.35,19.39,94.97,7.08,93.9,75.88,6.63,69.7,1
87.14,25.33,97.45,15.5,88.1,96.83,4.89,90.67,3
94.8,27.17,98.85,17.75,86.3,110.68,1.95,97.73,4
80.72,23.43,97.9,16.19,91.79,101.15,4.24,84.17,3
65.21,19.51,94.74,7.23,94.59,73.02,6.94,62.39,1
77.41,21.84,96.27,10.11,94.67,82.42,5.59,77.23,2
68.82,22.18,96.78,9.74,91.37,77.93,5.04,80.53,2
69.56,19.2,94.62,5.94,94.55,66.4,7.59,66.22,1
55.53,17.41,92.87,5.75,98.0,63.63,8.03,60.52,0
59.67,18.67,94.54,8.29,96.02,69.47,7.44,61.41,1
57.47,19.21,94.81,8.47,95.76,66.78,7.37,68.6,1
65.88,21.23,95.39,9.25,94.03,88.92,6.26,78.46,2
53.65,17.92,93.77,6.43,97.76,55.63,8.37,56.46,0
91.61,26.1,96.62,14.71,85.83,104.05,2.82,92.65,3
44.0,16.28,93.41,4.79,96.44,62.94,7.81,57.46,0
61.58,19.54,94.61,7.96,94.4,76.7,6.9,67.64,1
48.11,17.87,93.3,5.91,96.45,57.55,8.38,61.42,0
98.24,26.13,98.58,18.12,85.95,107.64,2.28,102.46,4
92.14,24.97,97.32,15.39,88.67,101.88,4.1,81.82,3
87.83,22.57,97.73,12.28,91.59,94.34,3.45,87.87,3
59.3,17.72,93.26,7.71,95.38,69.61,7.07,64.54,0
59.38,18.48,95.02,9.34,95.25,72.02,7.27,62.97,1
97.72,25.82,97.71,18.71,88.33,107.13,3.66,97.72,4
74.94,22.13,96.31,12.98,93.23,83.4,6.13,80.32,2
75.86,20.75,96.52,10.21,94.02,84.46,5.83,76.86,2
94.0,28.67,98.43,19.22,85.87,106.45,2.79,92.82,4
93.65,29.14,98.03,19.34,84.78,100.89,1.72,94.4,4
83.34,22.02,96.55,12.59,89.39,91.82,3.27,88.16,3
59.45,18.33,94.2,7.2,94.75,73.66,6.89,67.74,1
66.83,21.16,96.27,12.25,93.79,86.38,5.26,78.31,2
98.28,27.45,99.05,18.55,84.07,115.56,1.4,92.52,4
62.43,18.43,94.48,8.04,94.36,70.21,7.25,64.51,1
96.38,29.33,98.9,17.45,88.4,109.15,3.4,93.72,4
86.43,22.47,96.93,15.18,88.55,97.85,4.72,86.37,3
94.95,27.07,98.41,17.49,84.23,112.97,1.69,99.94,4
61.68,19.3,94.04,7.93,95.12,67.91,7.4,67.47,1
68.76,18.49,95.15,10.06,95.1,79.48,7.19,62.34,1
